{
    "name": "root",
    "gauges": {
        "Gregor2.0.Policy.Entropy.mean": {
            "value": 2.104818820953369,
            "min": 2.104818820953369,
            "max": 2.1186859607696533,
            "count": 15
        },
        "Gregor2.0.Policy.Entropy.sum": {
            "value": 10776.671875,
            "min": 271.1827392578125,
            "max": 10776.671875,
            "count": 15
        },
        "Gregor2.0.IsTraining.mean": {
            "value": 1.0,
            "min": 1.0,
            "max": 1.0,
            "count": 15
        },
        "Gregor2.0.IsTraining.sum": {
            "value": 1.0,
            "min": 1.0,
            "max": 1.0,
            "count": 15
        },
        "Gregor2.0.Step.mean": {
            "value": 129998.0,
            "min": 64974.0,
            "max": 129998.0,
            "count": 14
        },
        "Gregor2.0.Step.sum": {
            "value": 129998.0,
            "min": 64974.0,
            "max": 129998.0,
            "count": 14
        },
        "Gregor2.0.Policy.ExtrinsicValueEstimate.mean": {
            "value": 1561.434326171875,
            "min": 270.3642578125,
            "max": 1561.434326171875,
            "count": 14
        },
        "Gregor2.0.Policy.ExtrinsicValueEstimate.sum": {
            "value": 123353.3125,
            "min": 21358.77734375,
            "max": 123353.3125,
            "count": 14
        },
        "Gregor2.0.Losses.PolicyLoss.mean": {
            "value": 0.025893809898601225,
            "min": 0.022909249382306977,
            "max": 0.027234617871727096,
            "count": 3
        },
        "Gregor2.0.Losses.PolicyLoss.sum": {
            "value": 0.025893809898601225,
            "min": 0.022909249382306977,
            "max": 0.027234617871727096,
            "count": 3
        },
        "Gregor2.0.Losses.ValueLoss.mean": {
            "value": 2301710.6625,
            "min": 2301710.6625,
            "max": 3894192.1958333333,
            "count": 3
        },
        "Gregor2.0.Losses.ValueLoss.sum": {
            "value": 2301710.6625,
            "min": 2301710.6625,
            "max": 3894192.1958333333,
            "count": 3
        },
        "Gregor2.0.Policy.LearningRate.mean": {
            "value": 0.0003951277612180601,
            "min": 0.0003951277612180601,
            "max": 0.0003967764008059,
            "count": 3
        },
        "Gregor2.0.Policy.LearningRate.sum": {
            "value": 0.0003951277612180601,
            "min": 0.0003951277612180601,
            "max": 0.0003967764008059,
            "count": 3
        },
        "Gregor2.0.Policy.Epsilon.mean": {
            "value": 0.19878194,
            "min": 0.19878194,
            "max": 0.19919409999999999,
            "count": 3
        },
        "Gregor2.0.Policy.Epsilon.sum": {
            "value": 0.19878194,
            "min": 0.19878194,
            "max": 0.19919409999999999,
            "count": 3
        },
        "Gregor2.0.Policy.Beta.mean": {
            "value": 0.004939218806,
            "min": 0.004939218806,
            "max": 0.00495978559,
            "count": 3
        },
        "Gregor2.0.Policy.Beta.sum": {
            "value": 0.004939218806,
            "min": 0.004939218806,
            "max": 0.00495978559,
            "count": 3
        }
    },
    "metadata": {
        "timer_format_version": "0.1.0",
        "start_time_seconds": "1764459775",
        "python_version": "3.10.12 | packaged by Anaconda, Inc. | (main, Jul  5 2023, 19:01:18) [MSC v.1916 64 bit (AMD64)]",
        "command_line_arguments": "C:\\Users\\student\\.conda\\envs\\mlagents\\Scripts\\mlagents-learn konfig.yaml --run-id=Gregor2.2 --resume",
        "mlagents_version": "1.1.0",
        "mlagents_envs_version": "1.1.0",
        "communication_protocol_version": "1.5.0",
        "pytorch_version": "2.0.1+cu117",
        "numpy_version": "1.23.5",
        "end_time_seconds": "1764460420"
    },
    "total": 645.1744132000022,
    "count": 1,
    "self": 0.016100400127470493,
    "children": {
        "run_training.setup": {
            "total": 0.0867977999150753,
            "count": 1,
            "self": 0.0867977999150753
        },
        "TrainerController.start_learning": {
            "total": 645.0715149999596,
            "count": 1,
            "self": 0.6110930985305458,
            "children": {
                "TrainerController._reset_env": {
                    "total": 17.970191500149667,
                    "count": 1,
                    "self": 17.970191500149667
                },
                "TrainerController.advance": {
                    "total": 626.2874498013407,
                    "count": 35491,
                    "self": 0.5786572035867721,
                    "children": {
                        "env_step": {
                            "total": 602.9518962856382,
                            "count": 35491,
                            "self": 418.2242846528534,
                            "children": {
                                "SubprocessEnvManager._take_step": {
                                    "total": 184.19059440819547,
                                    "count": 35491,
                                    "self": 1.5295644199941307,
                                    "children": {
                                        "TorchPolicy.evaluate": {
                                            "total": 182.66102998820134,
                                            "count": 35491,
                                            "self": 182.66102998820134
                                        }
                                    }
                                },
                                "workers": {
                                    "total": 0.5370172245893627,
                                    "count": 35490,
                                    "self": 0.0,
                                    "children": {
                                        "worker_root": {
                                            "total": 564.2022031026427,
                                            "count": 35490,
                                            "is_parallel": true,
                                            "self": 239.27449359791353,
                                            "children": {
                                                "steps_from_proto": {
                                                    "total": 0.012901300098747015,
                                                    "count": 1,
                                                    "is_parallel": true,
                                                    "self": 0.00016050017438828945,
                                                    "children": {
                                                        "_process_maybe_compressed_observation": {
                                                            "total": 0.012645799899473786,
                                                            "count": 2,
                                                            "is_parallel": true,
                                                            "self": 4.5999884605407715e-05,
                                                            "children": {
                                                                "_observation_to_np_array": {
                                                                    "total": 0.012599800014868379,
                                                                    "count": 2,
                                                                    "is_parallel": true,
                                                                    "self": 3.939983434975147e-05,