{
    "name": "root",
    "gauges": {
        "Gregor2.0.Policy.Entropy.mean": {
            "value": 1.3784030675888062,
            "min": 1.268005132675171,
            "max": 1.3920339345932007,
            "count": 18
        },
        "Gregor2.0.Policy.Entropy.sum": {
            "value": 6880.98828125,
            "min": 659.014404296875,
            "max": 6949.033203125,
            "count": 18
        },
        "Gregor2.0.Step.mean": {
            "value": 5619936.0,
            "min": 5534974.0,
            "max": 5619936.0,
            "count": 18
        },
        "Gregor2.0.Step.sum": {
            "value": 5619936.0,
            "min": 5534974.0,
            "max": 5619936.0,
            "count": 18
        },
        "Gregor2.0.Policy.ExtrinsicValueEstimate.mean": {
            "value": -10489.8017578125,
            "min": -10489.8017578125,
            "max": 163922.328125,
            "count": 18
        },
        "Gregor2.0.Policy.ExtrinsicValueEstimate.sum": {
            "value": -818204.5,
            "min": -818204.5,
            "max": 13084420.0,
            "count": 18
        },
        "Gregor2.0.IsTraining.mean": {
            "value": 1.0,
            "min": 1.0,
            "max": 1.0,
            "count": 18
        },
        "Gregor2.0.IsTraining.sum": {
            "value": 1.0,
            "min": 1.0,
            "max": 1.0,
            "count": 18
        },
        "Gregor2.0.Environment.EpisodeLength.mean": {
            "value": 2523.0,
            "min": 2356.0,
            "max": 2523.0,
            "count": 2
        },
        "Gregor2.0.Environment.EpisodeLength.sum": {
            "value": 5046.0,
            "min": 4712.0,
            "max": 5046.0,
            "count": 2
        },
        "Gregor2.0.Environment.CumulativeReward.mean": {
            "value": 7139139.243438721,
            "min": 6364670.58404541,
            "max": 7139139.243438721,
            "count": 2
        },
        "Gregor2.0.Environment.CumulativeReward.sum": {
            "value": 14278278.486877441,
            "min": 12729341.16809082,
            "max": 14278278.486877441,
            "count": 2
        },
        "Gregor2.0.Policy.ExtrinsicReward.mean": {
            "value": 7139139.243438721,
            "min": 6364670.58404541,
            "max": 7139139.243438721,
            "count": 2
        },
        "Gregor2.0.Policy.ExtrinsicReward.sum": {
            "value": 14278278.486877441,
            "min": 12729341.16809082,
            "max": 14278278.486877441,
            "count": 2
        },
        "Gregor2.0.Losses.PolicyLoss.mean": {
            "value": 0.024544134123182935,
            "min": 0.023386028909590094,
            "max": 0.0285687093079711,
            "count": 4
        },
        "Gregor2.0.Losses.PolicyLoss.sum": {
            "value": 0.024544134123182935,
            "min": 0.023386028909590094,
            "max": 0.0285687093079711,
            "count": 4
        },
        "Gregor2.0.Losses.ValueLoss.mean": {
            "value": 84575189811.2,
            "min": 8800789461.333334,
            "max": 84575189811.2,
            "count": 4
        },
        "Gregor2.0.Losses.ValueLoss.sum": {
            "value": 84575189811.2,
            "min": 8800789461.333334,
            "max": 84575189811.2,
            "count": 4
        },
        "Gregor2.0.Policy.LearningRate.mean": {
            "value": 0.00017532549616864002,
            "min": 0.00017532549616864002,
            "max": 0.00017779845555039995,
            "count": 4
        },
        "Gregor2.0.Policy.LearningRate.sum": {
            "value": 0.00017532549616864002,
            "min": 0.00017532549616864002,
            "max": 0.00017779845555039995,
            "count": 4
        },
        "Gregor2.0.Policy.Epsilon.mean": {
            "value": 0.14383136000000005,
            "min": 0.14383136000000005,
            "max": 0.14444959999999998,
            "count": 4
        },
        "Gregor2.0.Policy.Epsilon.sum": {
            "value": 0.14383136000000005,
            "min": 0.14383136000000005,
            "max": 0.14444959999999998,
            "count": 4
        },
        "Gregor2.0.Policy.Beta.mean": {
            "value": 0.002197184864,
            "min": 0.002197184864,
            "max": 0.0022280350399999996,
            "count": 4
        },
        "Gregor2.0.Policy.Beta.sum": {
            "value": 0.002197184864,
            "min": 0.002197184864,
            "max": 0.0022280350399999996,
            "count": 4
        }
    },
    "metadata": {
        "timer_format_version": "0.1.0",
        "start_time_seconds": "1764510668",
        "python_version": "3.10.12 | packaged by Anaconda, Inc. | (main, Jul  5 2023, 19:01:18) [MSC v.1916 64 bit (AMD64)]",
        "command_line_arguments": "C:\\Users\\student\\.conda\\envs\\mlagents\\Scripts\\mlagents-learn konfig.yaml --run-id=Gregor2.5 --resume",
        "mlagents_version": "1.1.0",
        "mlagents_envs_version": "1.1.0",
        "communication_protocol_version": "1.5.0",
        "pytorch_version": "2.0.1+cu117",
        "numpy_version": "1.23.5",
        "end_time_seconds": "1764511403"
    },
    "total": 735.3197264999617,
    "count": 1,
    "self": 10.01473530009389,
    "children": {
        "run_training.setup": {
            "total": 0.09452239982783794,
            "count": 1,
            "self": 0.09452239982783794
        },
        "TrainerController.start_learning": {
            "total": 725.21046880004,
            "count": 1,
            "self": 0.8114564719144255,
            "children": {
                "TrainerController._reset_env": {
                    "total": 4.851310000056401,
                    "count": 1,
                    "self": 4.851310000056401
                },
                "TrainerController.advance": {
                    "total": 719.3165229281876,
                    "count": 44745,
                    "self": 0.719417983898893,
                    "children": {
                        "env_step": {
                            "total": 688.6423266390339,
                            "count": 44745,
                            "self": 453.84865064220503,
                            "children": {
                                "SubprocessEnvManager._take_step": {
                                    "total": 234.11030110693537,
                                    "count": 44747,
                                    "self": 1.9064326980151236,
                                    "children": {
                                        "TorchPolicy.evaluate": {
                                            "total": 232.20386840892024,
                                            "count": 44745,
                                            "self": 232.20386840892024
                                        }
                                    }
                                },
                                "workers": {
                                    "total": 0.6833748898934573,
                                    "count": 44744,
                                    "self": 0.0,
                                    "children": {
                                        "worker_root": {
                                            "total": 711.3690073187463,
                                            "count": 44744,
                                            "is_parallel": true,
                                            "self": 304.5363347271923,
                                            "children": {
                                                "steps_from_proto": {
                                                    "total": 0.036428099730983377,
                                                    "count": 3,
                                                    "is_parallel": true,
                                                    "self": 0.0004697998519986868,