{
    "name": "root",
    "gauges": {
        "Gregor2.0.Policy.Entropy.mean": {
            "value": 1.539520025253296,
            "min": 1.421519160270691,
            "max": 2.123135566711426,
            "count": 895
        },
        "Gregor2.0.Policy.Entropy.sum": {
            "value": 7709.916015625,
            "min": 7005.24658203125,
            "max": 10853.966796875,
            "count": 895
        },
        "Gregor2.0.Step.mean": {
            "value": 4474962.0,
            "min": 4992.0,
            "max": 4474962.0,
            "count": 895
        },
        "Gregor2.0.Step.sum": {
            "value": 4474962.0,
            "min": 4992.0,
            "max": 4474962.0,
            "count": 895
        },
        "Gregor2.0.Policy.ExtrinsicValueEstimate.mean": {
            "value": -107454.515625,
            "min": -11451360.0,
            "max": 13276838.0,
            "count": 895
        },
        "Gregor2.0.Policy.ExtrinsicValueEstimate.sum": {
            "value": -8596361.0,
            "min": -916108800.0,
            "max": 1035593344.0,
            "count": 895
        },
        "Gregor2.0.IsTraining.mean": {
            "value": 1.0,
            "min": 1.0,
            "max": 1.0,
            "count": 895
        },
        "Gregor2.0.IsTraining.sum": {
            "value": 1.0,
            "min": 1.0,
            "max": 1.0,
            "count": 895
        },
        "Gregor2.0.Environment.EpisodeLength.mean": {
            "value": 2759.0,
            "min": 889.0,
            "max": 438922.0,
            "count": 381
        },
        "Gregor2.0.Environment.EpisodeLength.sum": {
            "value": 5518.0,
            "min": 1978.0,
            "max": 877844.0,
            "count": 381
        },
        "Gregor2.0.Environment.CumulativeReward.mean": {
            "value": 4183282.602294922,
            "min": -11628100808.83731,
            "max": 7679962358.088135,
            "count": 381
        },
        "Gregor2.0.Environment.CumulativeReward.sum": {
            "value": 8366565.204589844,
            "min": -23256201617.67462,
            "max": 15359924716.17627,
            "count": 381
        },
        "Gregor2.0.Policy.ExtrinsicReward.mean": {
            "value": 4183282.602294922,
            "min": -11628100808.83731,
            "max": 7679962358.088135,
            "count": 381
        },
        "Gregor2.0.Policy.ExtrinsicReward.sum": {
            "value": 8366565.204589844,
            "min": -23256201617.67462,
            "max": 15359924716.17627,
            "count": 381
        },
        "Gregor2.0.Losses.PolicyLoss.mean": {
            "value": 0.026517613503771523,
            "min": 0.01987614901639366,
            "max": 0.030127145073007948,
            "count": 217
        },
        "Gregor2.0.Losses.PolicyLoss.sum": {
            "value": 0.026517613503771523,
            "min": 0.01987614901639366,
            "max": 0.030127145073007948,
            "count": 217
        },
        "Gregor2.0.Losses.ValueLoss.mean": {
            "value": 2652944263.4666667,
            "min": 439401828.56666666,
            "max": 4358138608571.7334,
            "count": 217
        },
        "Gregor2.0.Losses.ValueLoss.sum": {
            "value": 2652944263.4666667,
            "min": 439401828.56666666,
            "max": 4358138608571.7334,
            "count": 217
        },
        "Gregor2.0.Policy.LearningRate.mean": {
            "value": 0.00022142988464254003,
            "min": 0.00022142988464254003,
            "max": 0.00039917784020554003,
            "count": 217
        },
        "Gregor2.0.Policy.LearningRate.sum": {
            "value": 0.00022142988464254003,
            "min": 0.00022142988464254003,
            "max": 0.00039917784020554003,
            "count": 217
        },
        "Gregor2.0.Policy.Epsilon.mean": {
            "value": 0.15535745999999998,
            "min": 0.15535745999999998,
            "max": 0.19979445999999998,
            "count": 217
        },
        "Gregor2.0.Policy.Epsilon.sum": {
            "value": 0.15535745999999998,
            "min": 0.15535745999999998,
            "max": 0.19979445999999998,
            "count": 217
        },
        "Gregor2.0.Policy.Beta.mean": {
            "value": 0.002772337254000001,
            "min": 0.002772337254000001,
            "max": 0.004989743554,
            "count": 217
        },
        "Gregor2.0.Policy.Beta.sum": {
            "value": 0.002772337254000001,
            "min": 0.002772337254000001,
            "max": 0.004989743554,
            "count": 217
        }
    },
    "metadata": {
        "timer_format_version": "0.1.0",
        "start_time_seconds": "1764465718",
        "python_version": "3.10.12 | packaged by Anaconda, Inc. | (main, Jul  5 2023, 19:01:18) [MSC v.1916 64 bit (AMD64)]",
        "command_line_arguments": "C:\\Users\\student\\.conda\\envs\\mlagents\\Scripts\\mlagents-learn konfig.yaml --run-id=Gregor2.5 --force",
        "mlagents_version": "1.1.0",
        "mlagents_envs_version": "1.1.0",
        "communication_protocol_version": "1.5.0",
        "pytorch_version": "2.0.1+cu117",
        "numpy_version": "1.23.5",
        "end_time_seconds": "1764501624"
    },
    "total": 35905.90096979984,
    "count": 1,
    "self": 0.017593800090253353,
    "children": {
        "run_training.setup": {
            "total": 0.0850904998369515,
            "count": 1,
            "self": 0.0850904998369515
        },
        "TrainerController.start_learning": {
            "total": 35905.79828549991,
            "count": 1,
            "self": 39.07536878087558,
            "children": {
                "TrainerController._reset_env": {
                    "total": 47.012552600121126,
                    "count": 1,
                    "self": 47.012552600121126
                },
                "TrainerController.advance": {
                    "total": 35819.53982171882,
                    "count": 2240597,
                    "self": 36.93687669862993,
                    "children": {
                        "env_step": {
                            "total": 33924.669869219884,
                            "count": 2240597,
                            "self": 22444.071063349256,
                            "children": {
                                "SubprocessEnvManager._take_step": {
                                    "total": 11444.748369997833,
                                    "count": 2240599,
                                    "self": 98.9961220761761,
                                    "children": {
                                        "TorchPolicy.evaluate": {
                                            "total": 11345.752247921657,
                                            "count": 2240143,
                                            "self": 11345.752247921657
                                        }
                                    }
                                },
                                "workers": {
                                    "total": 35.85043587279506,
                                    "count": 2240596,
                                    "self": 0.0,
                                    "children": {
                                        "worker_root": {
                                            "total": 35736.35540976259,
                                            "count": 2240596,
                                            "is_parallel": true,
                                            "self": 15354.944968286669,
                                            "children": {
                                                "steps_from_proto": {
                                                    "total": 0.056505399756133556,
                                                    "count": 3,
                                                    "is_parallel": true,