{
    "name": "root",
    "gauges": {
        "Gregor2.0.Policy.Entropy.mean": {
            "value": 2.0871002674102783,
            "min": 2.0871002674102783,
            "max": 2.1120853424072266,
            "count": 37
        },
        "Gregor2.0.Policy.Entropy.sum": {
            "value": 10402.107421875,
            "min": 10242.396484375,
            "max": 10712.49609375,
            "count": 37
        },
        "Gregor2.0.Step.mean": {
            "value": 184996.0,
            "min": 4944.0,
            "max": 184996.0,
            "count": 37
        },
        "Gregor2.0.Step.sum": {
            "value": 184996.0,
            "min": 4944.0,
            "max": 184996.0,
            "count": 37
        },
        "Gregor2.0.Policy.ExtrinsicValueEstimate.mean": {
            "value": 77292.15625,
            "min": -0.002229990903288126,
            "max": 87477.5234375,
            "count": 37
        },
        "Gregor2.0.Policy.ExtrinsicValueEstimate.sum": {
            "value": 7110878.5,
            "min": -0.19623920321464539,
            "max": 7468068.5,
            "count": 37
        },
        "Gregor2.0.Environment.EpisodeLength.mean": {
            "value": 200.53846153846155,
            "min": 176.75,
            "max": 373.3333333333333,
            "count": 37
        },
        "Gregor2.0.Environment.EpisodeLength.sum": {
            "value": 5214.0,
            "min": 4242.0,
            "max": 5788.0,
            "count": 37
        },
        "Gregor2.0.Self-play.ELO.mean": {
            "value": 802.099398400498,
            "min": 802.099398400498,
            "max": 1195.0096600149682,
            "count": 37
        },
        "Gregor2.0.Self-play.ELO.sum": {
            "value": 20854.584358412947,
            "min": 12417.603016573634,
            "max": 29721.48747946712,
            "count": 37
        },
        "Gregor2.0.Environment.CumulativeReward.mean": {
            "value": 292317.31879658,
            "min": 33524.55050054813,
            "max": 813529.7794687372,
            "count": 37
        },
        "Gregor2.0.Environment.CumulativeReward.sum": {
            "value": 7015615.651117921,
            "min": 654773.4140376449,
            "max": 15457065.809906006,
            "count": 37
        },
        "Gregor2.0.Policy.ExtrinsicReward.mean": {
            "value": 292317.31879658,
            "min": 33524.55050054813,
            "max": 813529.7794687372,
            "count": 37
        },
        "Gregor2.0.Policy.ExtrinsicReward.sum": {
            "value": 7015615.651117921,
            "min": 654773.4140376449,
            "max": 15457065.809906006,
            "count": 37
        },
        "Gregor2.0.IsTraining.mean": {
            "value": 1.0,
            "min": 1.0,
            "max": 1.0,
            "count": 37
        },
        "Gregor2.0.IsTraining.sum": {
            "value": 1.0,
            "min": 1.0,
            "max": 1.0,
            "count": 37
        },
        "Gregor2.0.Losses.PolicyLoss.mean": {
            "value": 0.022745533761917614,
            "min": 0.02167996841162676,
            "max": 0.027015462798105242,
            "count": 9
        },
        "Gregor2.0.Losses.PolicyLoss.sum": {
            "value": 0.022745533761917614,
            "min": 0.02167996841162676,
            "max": 0.027015462798105242,
            "count": 9
        },
        "Gregor2.0.Losses.ValueLoss.mean": {
            "value": 5905230075.733334,
            "min": 712505289.6,
            "max": 5905230075.733334,
            "count": 9
        },
        "Gregor2.0.Losses.ValueLoss.sum": {
            "value": 5905230075.733334,
            "min": 712505289.6,
            "max": 5905230075.733334,
            "count": 9
        },
        "Gregor2.0.Policy.LearningRate.mean": {
            "value": 0.00039260528184868006,
            "min": 0.00039260528184868006,
            "max": 0.00039918024020494015,
            "count": 9
        },
        "Gregor2.0.Policy.LearningRate.sum": {
            "value": 0.00039260528184868006,
            "min": 0.00039260528184868006,
            "max": 0.00039918024020494015,
            "count": 9
        },
        "Gregor2.0.Policy.Epsilon.mean": {
            "value": 0.19815132000000008,
            "min": 0.19815132000000008,
            "max": 0.19979506,
            "count": 9
        },
        "Gregor2.0.Policy.Epsilon.sum": {
            "value": 0.19815132000000008,
            "min": 0.19815132000000008,
            "max": 0.19979506,
            "count": 9
        },
        "Gregor2.0.Policy.Beta.mean": {
            "value": 0.004907750867999999,
            "min": 0.004907750867999999,
            "max": 0.004989773493999999,
            "count": 9
        },
        "Gregor2.0.Policy.Beta.sum": {
            "value": 0.004907750867999999,
            "min": 0.004907750867999999,
            "max": 0.004989773493999999,
            "count": 9
        }
    },
    "metadata": {
        "timer_format_version": "0.1.0",
        "start_time_seconds": "1764453549",
        "python_version": "3.10.12 | packaged by Anaconda, Inc. | (main, Jul  5 2023, 19:01:18) [MSC v.1916 64 bit (AMD64)]",
        "command_line_arguments": "C:\\Users\\student\\.conda\\envs\\mlagents\\Scripts\\mlagents-learn konfig.yaml --run-id=Gregor2.0 --force",
        "mlagents_version": "1.1.0",
        "mlagents_envs_version": "1.1.0",
        "communication_protocol_version": "1.5.0",
        "pytorch_version": "2.0.1+cu117",
        "numpy_version": "1.23.5",
        "end_time_seconds": "1764455227"
    },
    "total": 1678.12334930012,
    "count": 1,
    "self": 0.01592160016298294,
    "children": {
        "run_training.setup": {
            "total": 0.09300410002470016,
            "count": 1,
            "self": 0.09300410002470016
        },
        "TrainerController.start_learning": {
            "total": 1678.0144235999323,
            "count": 1,
            "self": 1.7884897093754262,
            "children": {
                "TrainerController._reset_env": {
                    "total": 7.427690299926326,
                    "count": 2,
                    "self": 7.427690299926326
                },
                "TrainerController.advance": {
                    "total": 1668.5703582908027,
                    "count": 94885,
                    "self": 1.6227254145778716,
                    "children": {
                        "env_step": {
                            "total": 1594.1188345472328,
                            "count": 94885,
                            "self": 1042.3771990479436,
                            "children": {
                                "SubprocessEnvManager._take_step": {
                                    "total": 550.2337190229446,
                                    "count": 94885,
                                    "self": 4.307196294423193,
                                    "children": {
                                        "TorchPolicy.evaluate": {
                                            "total": 545.9265227285214,
                                            "count": 94550,
                                            "self": 545.9265227285214
                                        }
                                    }
                                },
                                "workers": {
                                    "total": 1.5079164763446897,
                                    "count": 94884,
                                    "self": 0.0,
                                    "children": {
                                        "worker_root": {
                                            "total": 1625.070849178126,
                                            "count": 94884,
                                            "is_parallel": true,
                                            "self": 712.7275108657777,