{
    "name": "root",
    "metadata": {
        "timer_format_version": "0.1.0",
        "start_time_seconds": "1764474910",
        "python_version": "3.10.12 | packaged by Anaconda, Inc. | (main, Jul  5 2023, 19:01:18) [MSC v.1916 64 bit (AMD64)]",
        "command_line_arguments": "C:\\Users\\student\\.conda\\envs\\mlagents\\Scripts\\mlagents-learn konfig.yaml --run-id=DefaultVSHyper --resume",
        "mlagents_version": "1.1.0",
        "mlagents_envs_version": "1.1.0",
        "communication_protocol_version": "1.5.0",
        "pytorch_version": "2.0.1+cu117",
        "numpy_version": "1.23.5",
        "end_time_seconds": "1764475274"
    },
    "total": 364.286370200105,
    "count": 1,
    "self": 0.024249000241979957,
    "children": {
        "run_training.setup": {
            "total": 0.09730889997445047,
            "count": 1,
            "self": 0.09730889997445047
        },
        "TrainerController.start_learning": {
            "total": 364.1648122998886,
            "count": 1,
            "self": 0.348485094262287,
            "children": {
                "TrainerController._reset_env": {
                    "total": 5.348602500045672,
                    "count": 1,
                    "self": 5.348602500045672
                },
                "TrainerController.advance": {
                    "total": 358.2326383055188,
                    "count": 20482,
                    "self": 0.3256151843816042,
                    "children": {
                        "env_step": {
                            "total": 351.6665845164098,
                            "count": 20482,
                            "self": 238.72765094507486,
                            "children": {
                                "SubprocessEnvManager._take_step": {
                                    "total": 112.63527838187292,
                                    "count": 20482,
                                    "self": 0.8436813931912184,
                                    "children": {
                                        "TorchPolicy.evaluate": {
                                            "total": 111.7915969886817,
                                            "count": 20481,
                                            "self": 111.7915969886817
                                        }
                                    }
                                },
                                "workers": {
                                    "total": 0.3036551894620061,
                                    "count": 20482,
                                    "self": 0.0,
                                    "children": {
                                        "worker_root": {
                                            "total": 356.7345913951285,
                                            "count": 20482,
                                            "is_parallel": true,
                                            "self": 135.1236381009221,
                                            "children": {
                                                "steps_from_proto": {
                                                    "total": 0.013132699998095632,
                                                    "count": 1,
                                                    "is_parallel": true,
                                                    "self": 0.00015249988064169884,
                                                    "children": {
                                                        "_process_maybe_compressed_observation": {
                                                            "total": 0.012895199935883284,
                                                            "count": 2,
                                                            "is_parallel": true,
                                                            "self": 3.7899939343333244e-05,
                                                            "children": {
                                                                "_observation_to_np_array": {
                                                                    "total": 0.01285729999653995,
                                                                    "count": 2,
                                                                    "is_parallel": true,
                                                                    "self": 3.460003063082695e-05,
                                                                    "children": {
                                                                        "process_pixels": {
                                                                            "total": 0.012822699965909123,
                                                                            "count": 2,
                                                                            "is_parallel": true,
                                                                            "self": 0.00018679979257285595,
                                                                            "children": {
                                                                                "image_decompress": {
                                                                                    "total": 0.012635900173336267,
                                                                                    "count": 2,
                                                                                    "is_parallel": true,
                                                                                    "self": 0.012635900173336267
                                                                                }
                                                                            }
                                                                        }
                                                                    }
                                                                }
                                                            }
                                                        },
                                                        "_process_rank_one_or_two_observation": {
                                                            "total": 8.500018157064915e-05,
                                                            "count": 2,
                                                            "is_parallel": true,
                                                            "self": 8.500018157064915e-05
                                                        }
                                                    }
                                                },
                                                "UnityEnvironment.step": {
                                                    "total": 221.59782059420832,
                                                    "count": 20482,
                                                    "is_parallel": true,
                                                    "self": 1.4330337950959802,
                                                    "children": {
                                                        "UnityEnvironment._generate_step_input": {
                                                            "total": 1.2785785032901913,
                                                            "count": 20482,
                                                            "is_parallel": true,
                                                            "self": 1.2785785032901913
                                                        },
                                                        "communicator.exchange": {
                                                            "total": 206.46867478988133,
                                                            "count": 20482,